Zone,Div,Address,latitude,longitude
1,1," KATHIVAKKAM HIGH ROAD, THAZHANKUPPAM, CHENNAI-600 057",13.2275,80.3258
1,1," J.J NAGAR KATHIVAKKAM HIGH ROAD KATHIVAKKAM, CHENNAI-600 057",13.2247,80.3208
1,2," K.H.ROAD , CORPORATION COMPLEX, KATHIVAKKAM , ENNORE, CHENNAI-600 057",13.2162,80.3206
1,2," GRAMACH SALAI, ENNORE, CHENNAI-600 057",13.2171,80.3193
1,3," COC COMMUNITY HALL PREMISES, ANNAI SIVAKAMI NAGAR, ENNORE, CHENNAI-600 057",13.197,80.3151
1,3," NETHAJAI NAGAR 6TH STREET, ENNORE EXPRESS ROAD, CHENNAI-600 057",13.1882,80.3156
1,4," BAJANAI KOIL ST, JUNCTION OF THIRUVEETHIAMMAN KOIL ST, ERNAVOOR, CHENNAI-600 057",13.19,80.3072
1,4," KATHIVAKKAM HIGH ROAD NEAR KAMARAJ NAGAR,TRIVOTTRIYUR,   CHENNAI-600 019.",13.1871,80.3079
1,5," BHARATHIYAR NAGAR 2ND STREET JUNCTION OF ENNORE EXPRESS ROAD, ERNAVOOR, CHENNAI-600 057",13.1856,80.3169
1,5," MANIKKAM NAGAR MAIN ROAD (NEAR AJAX BUS STAND), TRIVOTTRIYUR,   CHENNAI-600 019.",13.1727,80.304
1,6," MANALI EXPRESS ROAD,THIYAGI SATHYAMOORTHY NAGAR, THIRUVOTTIYUR,CHENNAI-600 019.",13.1764,80.2943
1,6," MANALI EXPRESS ROAD (NEAR JOTHI NAGAR), TRIVOTTRIYUR, CHENNAI-600 019.",13.1808,80.2989
1,7," BALAKRISHNA NAGAR MAIN ROAD IN FRONT OF KCP QUATRES, THIRUVOTTIYUR,CHENNAI-600 019.",13.1672,80.2966
1,7," RAMASAMY NAGAR MAIN ROAD, TRIVOTTRIYUR, CHENNAI-600 019.",13.1686,80.2938
1,8," PERIYAR NAGAR MAIN ROAD  JUNCTION OF TH ROAD, THIRUVOTTIYUR,CHENNAI-600 019.",13.1677,80.3039
1,8," ENNORE EXPRESS ROAD, NEAR MASTHAN KOIL STREET, TRIVOTTRIYUR, CHENNAI-600 019.",13.1649,80.3068
1,9," THIRUVOTTIYUR PATTINATHAR KOIL STREET MARKET, THIRUVOTTIYUR, CHENNAI-600 019.",13.1632,80.3042
1,10," OLD ICDS BUILDING, NORTH MADA STREET,THIRUVOTTIYUR,CHENNAI",13.1619,80.3001
1,10," WEST MADA STREET, THIRVIRRUR ",13.16,80.2985
1,11," CORPORATION SHOPPING COMPLEX,185,T.H.ROAD,THIRUVOTTIYUR,   CHENNAI-600 019.",13.1573,80.3014
1,11," ELLAIYAMMAN KOIL STREET, THIRUVOTTIYUR, CHENNAI-600 019.",13.1573,80.3042
1,12," COC LAND WEST MADA STREET (KALADIPET) OPPOSITE TO ODIANMANI THEATER, CHENNAI-600 019.",13.1533,80.2961
1,13," OLD ICDS BUILDING, M G R ROAD,TOLLGATE, SANTHANGADU,CHENNAI-600 019.",13.1445,80.2946
1,14," ENNORE EXPRESS ROAD ,ONDIKUPPAM, CHENNAI-600 019.",13.1525,80.3036
1,14," TH ROAD, THANGAL",13.1466,80.2978
2,15," DIVISION -15 OFFICE CAMPUS, EDAYANCHAVADI MAIN ROAD, MANALI NEW TOWN,  CHENNAI-600 103",13.2185,80.2735
2,15," MANALI NEW TOWN, ",13.2073,80.2717
2,16," PERUMAL KOIL STREET, ANDAL KUPPAM,",13.1923,80.2691
2,16," AANDAL KUPPPAM,  CHECK POST, ",13.1927,80.2631
2,16," BURMA NAGAR, SADAIYAN KUPPAM MAIN RD, ANDAL KUPPAM, MANALI PUDHU NAGAR, CHENNAI-600 103",13.1835,80.2852
2,17," UNUSED NNMP SHED,MAIN ROAD,KOSAPPUR,CHENNAI",13.1818,80.2348
2,17," REDHILLS ROAD, DIV-17 NEAR , VADAPERUMBAKAM",13.1765,80.2143
2,18," NEDUNCHEZHIYAN STREET, CPCL LAYOUT 3RD MAIN ROAD, MANALI,CHENNAI - 600 068",13.1733,80.2566
2,18," HARI KRISHNA PURAM, MANALI, CHENNAI",13.1722,80.2612
2,18," MANALI BUS TERMINAL, NEDUSEZHIYAN SALAI, MANALI, CHENNAI - 600 068",13.1702,80.2573
2,19," CORPORATION  BUILDING,29TH STREET,MATHUR,MANALI",13.1687,80.2306
2,19," NEAR CORPORATION SCHOOL, KAMARAJAR SALAI, MANJAKUPPAM",13.1737,80.2463
2,20," KAMARAJAR SALAI, MANALI, CHENNAI - 600 068",13.1663,80.252
2,20," KAMARAJAR SALAI, (MATHUR PETROL BUNK), MANALI",13.162,80.2658
2,21," PADASALI STREET, MANALI, CHENNAI - 600 068",13.1669,80.2582
2,21," JALAGANDA MARIAMMAN KOVIL ST, MANALI, CHENNAI - 600 068",13.1629,80.2632
3,22," GNT ROAD , PUZHAL , CHENNAI 600 066",13.1649,80.2026
3,22," PERUMAL KOIL ST KAVANKARAI, PUZHAL, CHENNAI",13.1709,80.197
3,23," THIRUVEETHIAMMAN KOIL STREET,PUZHAL, ",13.1585,80.2071
3,23," ERATTAIMALAI SRINIVASAN STREET, PUZHAL, CHENNAI 600 066",13.1571,80.2067
3,24," COMMUITY HALL , UNION MAIN ROAD, METTUR, SURAPET, ",13.1452,80.1859
3,24," KADAPPA ROAD, PUTTHAGARAM,",13.1324,80.1981
3,25," RETTAIMALAI SRINIVASAN STREET,KATHIRVEDU,CHENNAI",13.1501,80.205
3,25," PADMAVATHI NAGAR MAIN RD, KATHIRVEDU, NEAR SERVICE RD, CHENNAI-600 060",13.144,80.199
3,25," MGR NAGAR, PUZHAL, CHENNAI 600 066",13.1532,80.2107
3,26," VINAYAGAPURAM BUS STAND , P.R.H. ROAD, ",13.14,80.2056
3,26," THANIGACHALAM NAGAR, F BLOCK, PONNIAMMAN-MEDU",13.1302,80.2264
3,26," TRUCK TERMINAL, CMDA NEAR ROUNDANA, MADHAVARAM,CHENNAI-600 060",13.1466,80.2247
3,27," PERUMAL KOIL STREET, MADHAVARAM BUS STAND, ",13.153,80.2291
3,28," ARUL NAGAR , M.M.C. MADHAVARAM MILK COLONY, ",13.1452,80.243
3,28," KK THAZHAI MAIN ROAD (OPP. TO PADAVATTAMMAN KOIL) PERIYA SEKKADU, CHENNAI-600 051",13.1535,80.2559
3,29," DEVARAJAN ST,CHINNASEKKADU DIVISION OFFICE,CHINNASEKKADU,CHENNAI",13.159,80.2603
3,29," PERUMAL KOIL ST, BALJI PALAYAM, CHINNASEKKADU",13.1512,80.2581
3,30," SIVASAKTHI NAGAR, MADHAVARAM, CHENNAI - 600 060",13.1448,80.2332
3,31," MUTHU MARIYAMMAN ST, MADHAVARAM, CHENNAI - 600 060",13.139,80.2366
3,31," KANNAPIRAN KOVIL ST, (DENTAL HOSPITAL CAMPUS) MADHAVARAM, CHENNAI - 600 060",13.1426,80.2324
3,32," GANGAI AMMAN KOIL STREET, LAKSHMIPURAM REDHILLS, ",13.1322,80.2115
3,32," VILLIVAKKAM SALAI, LAKSHMIPURAM, KOLATHUR, CHENNAI - 600 099",13.1322,80.2064
3,33," NEHRU ST, PONNIAMMAN MEDU, CHENNAI-600110.",13.1333,80.23
3,33," ANNAI SATHYA NAGAR, PONNIAMMAN MEDU, MULAKKADAI, NEAR VALLI MAHAL, CHENNAI - 600 110",13.1287,80.2388
4,34," VENKATESWARA COLONY 6TH STREET, MAIN ROAD, KODUNGAIYUR,CHENNAI - 600 118",13.1445,80.2432
4,35," 2ND BLOCK MUTHAMIL NAGAR, KODUNGAIYUR, CHENNAI - 600 118",13.1377,80.2456
4,35," E.H. ROAD, OPP. INDIAN BANK, NEHRU MAIN ROAD, ERUKKANCHERI, ",13.1245,80.247
4,36," 11TH STREET, SASTHRI NAGAR, VYASARPADI, CHENNAI - 600 039",13.1184,80.2536
4,36,"  SOOLPUNAL KARAI, VYSARPADI, CHENNAI",13.1237,80.2497
4,37," 3RD MAIN ROAD, MKB NAGAR, VYSARPADI, CHENNAI - 600 039",13.123,80.2616
4,37," KANNADHASAN NAGAR 7TH BLOCK, VYSARPADI, CHENNAI - 600 039",13.133,80.2593
4,38," NEW VINOBA NAGAR, UNUSED COMMUNITY HALL 3RD ST, TONDIARPET, CHENNAI - 600 081",13.1392,80.2781
4,38," HOSPITAL BUILDING, NEHRU MAIN ROAD, TONDIARPET, CHENNAI - 600 081",13.1275,80.2749
4,39," VASAR VARADAPPAN STREET,NEW WASHERMANPET (OLD DIVISION-6 OFFICE),CHENNAI - 600 081",13.1351,80.2961
4,39," EXISTING GYM BUILDING ,KANNUPILLAI STREET,NEW WASHERMENPET, CHENNAI - 600 081",13.1376,80.2959
4,40," MULTI PURPOSAL HALL,MANGAMMAL THOTTAM,NEW WASHERMANPET,CHENNAI - 600 081",13.1371,80.2916
4,40," KEERAI THOTTAM, NEW WASHERMENPET, CHENNAI - 600 081",13.1343,80.2923
4,41," ANNAI SATHYA NAGAR MAIN ROAD EZHIL NAGAR B BLOCK, KORUKKUPET,CHENNAI - 600 021",13.1264,80.2722
4,41," EXISTING GIM BUILDING, J.J NAGAR C STREET , NEW WASHERMENPET,CHENNAI - 600 081",13.1199,80.2755
4,42," NO.80, SENIAMMAN KOIL ST., TONDIARPET, CHENNAI - 600 081",13.1248,80.2875
4,42," THILAGAR NAGAR, HOUSING BOARD, ",13.1258,80.2846
4,43," POWERKUPPAM,KASIMEDU,3RD ST, ROYAPURAM, ",13.1249,80.2954
4,43," EXISTING GIM BUILDING, MGR NAGAR , KASIMEDU",13.1227,80.2959
4,43," C.D.HOSPITAL, TONDIARPET, CHENNAI - 600 081.",13.1282,80.2909
4,44," MELPATTI PONNAPPAN STREET, PERAMBUR, CHENNAI - 600 011",13.1157,80.2445
4,44," AMMAN KOIL STREET, VYSARPADI, OPP.PERAMBUR BURRIAL GROUND, VYSARPADI",13.1163,80.2515
4,45," MAYOR KRISHNAMOORTHI NAGAR, VYASARPADI, CHENNAI - 600 039",13.1109,80.2609
4,45," SANJAY NAGAR 1ST STREET, MELPATTI PONNAPPAN ST, (OLD MLA OFFICE BACKSIDE), VYSARPADI, ",13.1137,80.2577
4,46," 24TH BLOCK S.M. NAGAR, VYASARPADI, CHENNAI - 600 039",13.1196,80.2654
4,46," OLD DIVISION OFFICE - C.KALYANAPURAM, VYSARPADI,CHENNAI - 600 039",13.1119,80.2658
4,47," 4TH STREET, MEENAMBAL NAGAR, KORUKUPATTI, CHENNAI - 600 021",13.1163,80.274
4,47, SIGIRINTHAPALAYAM 5TH STREET  KORRUKKUPET,13.1192,80.2762
4,48," BOOMISIVARAMALU STREET,OLD WASHERMANPET,CHENNAI - 600 021",13.1147,80.2834
4,48," KANNI KOIL STREET, OLD J.E OFFICE (BUILDING), OLD WASHERMENPET,CHENNAI - 600 021",13.1185,80.2819
5,59," RGGH - E.V.R SALAI, CHENNAI - 600 003",13.0809,80.2754
5,61," ICH - EGMORE CHILDREN'S HOSPITAL, CHENNAI - 600 008",13.0736,80.2545
5,52," STANLEY - GOVERNMENT STANLEY GENERAL HOSPITAL, CHENNAI - 600 021",13.1064,80.2844
5,52," R.S.R.M - GOVERNMENT R.S.R.M HOSPITAL, CHENNAI - 600 021",13.1092,80.2892
5,49," NO. 8/26, SINGARA GARDEN 4TH LANE, OLD WASHERMENPET, CHENNAI - 600 021",13.1139,80.289
5,49," NO. 96, THANDAVARAYA GRAMINI STREET, TONDAIARPET,CHENNAI - 600 081",13.122,80.293
5,50," NO. 502, S. N. CHETTY STREET, ROYAPURAM, CHENNAI - 600 013",13.1167,80.2926
5,50," NO.  , M.S.KOVIL STREET, ROYAPURAM, CHENNAI - 600 013",13.1098,80.2922
5,51," NO. 83, PERAMBALU CHETTY STREET, OLD WASHERMENPET,CHENNAI - 600 021",13.1142,80.2866
5,51," NO. 18, MANIKANDAN 6TH STREET,OLD WASHERMENPET, CHENNAI - 600 021",13.1101,80.2859
5,52," NO.45,OSH ROAD, ROYAPURAM, CHENNAI - 600 013.",13.1046,80.2869
5,52," NO.96,  THOPPAI STREET, ROYAPURAM, CHENNAI - 600 013",13.1079,80.2903
5,53," NO. 10, DR. VIJAYARAGAVALU ROAD, OLD WASHERMENPET, CHENNAI - 600 021",13.1116,80.2783
5,53," NO. 44, PADAVATTAMMAN KOVIL STREET, OLD WASHERMENPET, CHENNAI - 600 021",13.1037,80.2759
5,54,"   MINT STREET ( NEAR APPOLO HOSPITAL), SOWCARPET,CHENNAI 600 079",13.0967,80.2799
5,54," NO. 508, MINT STREET (NEAR WARD OFFICE), SOWCARPET, CHENNAI - 600 079",13.1038,80.2799
5,55," NO. 37, NATTUPILLAIYAR KOVIL STREET, SEVEN WELLS, CHENNAI - 600 001",13.0954,80.2805
5,55," NO. 44 , PERANNAN STREET, SEVEN WELLS, CHENNNAI - 600 001",13.1004,80.2831
5,56," NO. 120, PAVALAKARA STREET, MANNADY, CHENNAI - 600 001",13.0993,80.2894
5,56," NO. 135, BRN GARDEN, BROADWAY, CHENNAI - 600 001",13.1022,80.2865
5,57," NO. 67, ANNAPILLAI STREET, CHENNAI - 600 079",13.0952,80.2756
5,57," NO. 34, DAVIDSON STREET, BROADWAY, CHENNAI - 600 001",13.0925,80.2855
5,58," NO.1,WHANNELS ROAD,EGMORE,CHENNAI - 600 008",13.0791,80.2631
5,58," NO.68,KALATHIYAPPA STREET,CHOOLAI,CHENNAI-600 112",13.0897,80.2593
5,59," NO. 8, BALA MUTHU STREET, ELLISH ROAD, CHENNAI-600 002",13.0652,80.2723
5,59," BRAZER BRIDGE SALAI (BEHIND BROADWAY BUS STOP),PARKTOWN , CHENNAI-600 003",13.0853,80.2836
5,60," NO. 57, 3RD LINE BEACH ROAD, HORBOUR, CHENNAI-600 001.",13.1015,80.2939
5,60," NO.1, IYYAPPA CHETTY STREET, MANNADY, CHENNAI-600 001.",13.0966,80.288
5,61,"  NO. 2,GENGU REDDY STREET,  EGMORE, CHENNAI-600 008.",13.0752,80.2524
5,61," NO. 3, PANTHEON ROAD, VARADHARAJAPURAM, EGMORE, CHENNAI-600 008.",13.0758,80.2645
5,61," NO. 150, RUKUMANI LAKSHMIPATHI ROAD, GOVT., EYE HOSPITAL CAMPUS, EGMORE, CHENNAI-600 008.",13.0688,80.2613
5,62," NO.43,WEST COOVAM STREET",13.0736,80.2671
5,62," NO.96/2,ARUNACHALAM ROAD,CHINDATRIPET,CHENNAI-600 002",13.0745,80.273
5,63," NO. 198, BHARATHI SALAI, ROYAPETTAI,  CHENNAI -600 014",13.0585,80.2679
5,63," NO.4,  VEERABATHRAN STREET, PUDHU PETTAI, CHENNAI -600 002",13.0702,80.2649
6,64," UNITED COLONY, REDHILLS ROAD, KOLATHUR, CHENNAI-600 099",13.129,80.2156
6,64," ANJUGAM NAGAR, KOLATHUR (NEAR DIVISION-64  SI & CI OFFICE )",13.1215,80.2196
6,65," CORPORATION PARK, HUSSAIN COLONY, KOLATHUR, CHENNAI-600 099",13.1241,80.2022
6,65," JAMBULINGAM MAIN  ROAD, G.K.M.COLONY     (NEAR BUTMEDU BURIAL GROUND)",13.1117,80.216
6,66," 1ST CIRCULAR ROAD, JAWAHAR NAGAR",13.1136,80.2288
6,66," PERIYAR NAGAR, PHERIPHERAL HOSPITAL INSIDE",13.115,80.2235
6,67," LOCO WORKS SCHEME ROAD, PERAMBUR, CHENNAI-600 011.",13.1085,80.2279
6,68," UNUSED BUILDING,PAPER MILLS ROAD,SEMBIUM",13.1135,80.2359
6,68, THIRUVIKA NAGAR GOPALAPURAM,13.1221,80.2328
6,69," MADHAVARAM HIGH ROAD, PERAMBUR, CHENNAI-600 011",13.1197,80.2426
6,69," ANDERSON ROAD, PERAMBUR,CHENNAI-600 011.",13.0991,80.2424
6,70," OLD CORPORATION BUILDING,BHARATHI ROAD,",13.1111,80.2489
6,70, PERAMBUR HIGH ROAD (NORTH),13.1087,80.2434
6,71," NEAR DIVISION OFFICE,PERAMBUR HIGH ROAD,",13.1071,80.2474
6,71," CHANDRAYOGI SAMATHI ST, NEAR PERAMBUR CORPORATION MIDDLE SCHOOL, CHENNAI-600 011.",13.1051,80.2456
6,72," THIRU VI KA NAGAR, 2ND STREET, PULIYANTHOPE, CHENNAI-600 012. ",13.1044,80.2632
6,72," DOSS NAGAR, KANNIGAPURAM",13.1083,80.2643
6,73," DR.AMBEDKAR COLLEGE ROAD,(OLD ZONE OFFICE-3)",13.1009,80.2602
6,73, NEW FARMA ROAD,13.0989,80.2577
6,74," GYM BUILDING,A K SAMY MADAM 1ST STREET,NAMMALVAEPET,CHENNAI",13.0935,80.2428
6,74, SUBBURAYAN 3RD STREET ,13.0958,80.2451
6,75," OLD COMMUNITY HALL,VALLUVAN STREET,OTTERI,CHENNAI-600 012. ",13.0942,80.2521
6,75, S.S.PURAM ?A? BLOCK MAIN ROAD,13.0929,80.2508
6,76," SACHITHANANTHAM ST, KOSAPETTI, CHENNAI-600 012. ",13.0947,80.2562
6,76," VENKATESA BAKTHAN ST, B.B. RD, PERAMBUR BARRACKS RD, ",13.0934,80.2571
6,76," K.M. GARDEN, PATTALAM, CHENNAI-600 012. ",13.0947,80.2624
6,77," OLD DIV -45 OFFICE, NO.77, DIMLEERS ROAD, KP PARK, PULINTHOPE, CHENNAI-600 012. ",13.0945,80.2682
6,77," BOGIPALAYAM, 1ST MAIN RD, PULIANTHOPE, NEAR T.B. HOSPITAL,CHENNAI-600 012. ",13.0982,80.2626
6,78," KURAVAN KULAM, CHOOLAI, CHENNAI-600112",13.091,80.2642
6,78," THANA STREET, PURASAIWAKKAM, ",13.0911,80.2542
7,79," CORPORATION BUILDING,KATTABOMMAN STREET,ORGADAM,AMBATHUR,",13.1299,80.153
7,79," GANDHI MAIN ROAD, ORAGADAM, CHENNAI",13.1338,80.154
7,80," ORAGADAM ROAD, NEAR VIJAYALAKSHMIPURAM THANGAL ",13.1241,80.1599
7,80," MGR ST, WEST BANU NAGAR",13.132,80.1573
7,81," SOUTH PARK STREET,VENKATAPURAM, AMBATTUR, CHENNAI-600 053",13.1178,80.1545
7,81," BUS STAND BACKSIDE, AMBATHUR, CHENNAI",13.1195,80.1503
7,82," NMEP,MARIAMMAN KOIL STREET,MENAMBEDU,AMBATHUR,  CHENNAI-600 053",13.1226,80.1628
7,82," MADHAVI ST., KARUKKU MAIN ROAD, AMBATHUR, CHENNAI-600 053.",13.1178,80.1695
7,83," NORTH AVENUE, METRO WATER CAMPUS , KORATTUR, CHENNAI-600 080.",13.1099,80.1834
7,83," RAJIV GANDHI NAGAR. THATHANKUPPAM, 100 FEET ROAD, CHENNAI",13.1137,80.199
7,84," EAST AVENUE,KORATTUR, CHENNAI-600 080.",13.1028,80.1862
7,84," JUNCTION OF BAJANAI KOIL STREET, PATTRAVAKKAM, CHENNAI",13.1057,80.1683
7,84," KANNAN KOIL ST, PATTRAVAKKAM, CHENNAI-600 098.",13.1112,80.1691
7,85," SIVANANDA NAGAR, AMBATHUR, CHENNAI-600 053.",13.1085,80.1512
7,85," ZONAL OFFICE CAMPS, MTH ROAD",13.1069,80.1525
7,86," VANAGARAN ROAD,ATHIPET,CHENNAI-600 053.",13.0933,80.1595
7,86," NEHRU NAGAR, MANNURPETTAI",13.1014,80.1725
7,87," CORPORATION BUILDING,MTH ROAD,PADI,CHENNAI-600 050.",13.0991,80.1839
7,87," CHURCH STREET, PADI NEAR BY BRITANIYA COMPANY, CHENNAI",13.0955,80.1787
7,88," MAGATHMA GANTHI RD, KUMARAN NAGAR, PADI, CHENNAI-600 050.",13.0943,80.1891
7,88," PANDURANGAPURAM, CHENNAI",13.101,80.1908
7,89," ELANGO NAGAR BUS STAND, ANNA NAGAR WEST EXTN",13.0907,80.1855
7,90," 3RD STREET, PADI PUDU NAGAR, CHENNAI",13.0853,80.1896
7,90," BAZAAR ROAD, COLLECTOR NAGAR, NEAR GANGA SWEET STALL, ",13.087,80.1882
7,91," 6TH BLOCK, OPP TO GAV SCHOOL , MUGAPPAIR WEST",13.0831,80.1742
7,91," REDDY PALAYAM ROAD, MUGAPPAIR WEST, CHENNAI - 600 037",13.0863,80.1687
7,92," 10TH BLOCK, PATTINATHAR SALAI",13.0813,80.1807
7,92," KANNADASAN SALAI , MUGAPPAIR EAST",13.0844,80.1827
7,93," 6TH BLOCK, PARANAR SALAI, MUGAPPAIR EAST",13.0786,80.1858
7,93," CORPORATION SCHOOL CAMPUS, PADI KUPPAM ROAD, PADI KUPPAM, CH-107 ",13.0766,80.1888
8,96," K.K.NAGAR 5TH STREET, VILLIVAKKAM, CHENNAI",13.098,80.2322
8,97," PERIYAR NAGAR,NEAR GOPAL NAGAR,AYANVARAM,",13.097,80.2281
8,97," VELLAN STREET, ADI ANDHRA NAGAR, AYANAVAGAM, CHENNAI",13.0966,80.223
8,98," ASPRIN GARDEN 1-ST STREET,KILPAK DN OFFICE",13.0864,80.2353
8,98, AYANAVARAM ROAD JN. OF MEDAVAKKAM TANK ROAD (INSIDE THE INSTITUTE OF MENTAL HEALTH (OP),13.0927,80.2396
8,99," NVN NAGAR 6TH STREET, CHENNAI",13.0843,80.1972
8,99," ANNA NAGAR WEST THIRUMANGALAM SECOND AVENUE, CHENNAI-600 040. ",13.0853,80.1988
8,100," 7TH MAIN ROAD,MGR COLONY,OLD NMP SHED",13.079,80.2097
8,100," 3RD AVENUE INFRONT OF ANNA  SIDDHA HOSPITAL, ANNA NAGAR.",13.0791,80.2178
8,101," NO.125, K BLOCK,UNIT OFFICE AT 2ND MAIN ROAD,(NEAR BOGANVILLAPARK),ANNA NAGAR EAST, CHENNAI - 600 102",13.0915,80.2221
8,101," KAMARAJ STREET, SHENOY NAGAR, CHENNAI",13.08,80.2232
8,102," CPS CAMPUS,TAMILAR NAGAR,CEMETRY ROAD, KILPAUK,CHENNAI-600 010",13.0825,80.2264
8,102," V.S.PURAM, T.P.CHATRAM",13.0799,80.2294
8,103," OLD ZONE-5 OFFICE,TALYORS ROAD",13.0784,80.2429
8,103," HALLS ROAD, NEAR KILPAUK BALAVIGAR SCHOOL, KILPAUK,CHENNAI-600 010",13.0822,80.2322
8,104," 32,SUNDARAM LANE,PURASAIWAKKAM, CHENNAI",13.0875,80.2517
8,104," LETTANGS ROAD (NEAR DIVISION 104 OFFICE), CHENNAI - 600 084",13.0837,80.2561
8,105," MMDA COLONY,MUTHUMARIAMMAN KOIL STREET",13.0638,80.214
8,105," SBI STAFF COLONY 6TH STREET, ARUMBAKKAM, CHENNAI",13.0714,80.2132
8,106," COLLECTORATE COLONY MAIN ROAD, CHENNAI",13.0713,80.2204
8,106," GOVINDHAN ST, AMINJIKARAI NEAR CORPORATION HOSPITAL,CHENNAI - 600 029",13.0687,80.2191
8,107," 24,MANGALAPURAM 7TH STREET,CHETPET INSIDE CP SCHOOL",13.0734,80.2449
8,107," OLD DIVISION 72 OFFICE , VENKATACHALAPATHY STREET, SHENOY NAGAR",13.0724,80.231
8,108," MGR 3RD STREET,108 DIVISON OFFICE,MMDA COLONY",13.0666,80.2156
8,108," MMDA NEAR BUS STOP, ARUMBAKKAM, CHENNAI-600 106.",13.0626,80.215
8,103," KMC - KILPAUK MEDICAL COLLEGE AND HOPSITAL, CHENNAI - 600 010",13.0769,80.243
8,94," NORTH MADA STREET,NEAR DIVISION OFFICE,VILLIVAKKAM",13.1056,80.2076
8,94, RAJAMANGALAM MAIN ROAD,13.1137,80.2044
8,95," THANTHONIAMMAN KOIL STREET,NEAR MTH ROAD,VILLIVAKKAM",13.1029,80.2091
8,95," VENUGOPAL STREET, VILLIVAKKAM",13.1001,80.2013
8,96," K.H ROAD,EB OFFICE,AYANAVARAM, CHENNAI",13.1001,80.2284
9,109," OLD DIVISION-76 OFFICE,SHANMUGAN SALAI,CHOOLAIMEDU, CHENNAI - 600 094",13.0635,80.2249
9,109," WEST NAMACHIVAYAPURAM (OLD GYM BUILDING), PARK BACKSIDE ",13.0673,80.2302
9,110," OLD DIVISION-107 OFFICE,2A,SCHOOL ROAD,NUNGAMBAKKAM,CHENNAI - 600 034",13.057,80.2412
9,110," KUTTY STREET, NUNGAMBAKKAM, CHENNAI",13.0636,80.2416
9,111," DIVISION OFFICE-121,MODEL SCHOOL ROAD,THOUSAND LIGHTS",13.055,80.2527
9,111," WALLACE GARDEN 1ST STREET, GREAMS RD, (NEAR APOLLO HOSPITAL) CHENNAI ",13.0625,80.2516
9,112," METRO WATER,PULIYUR 1ST MAIN ROAD, TRUSTPURAM, KODAMBAKKAM, CHENNAI - 600 024",13.0553,80.2241
9,112," CHOOLAIMEDU HIGH ROAD, (OLD DIVISION OFFICE) CHENNAI HIGH SCHOOL, CHENNAI - 600 094",13.0621,80.2303
9,113," METRO WATER OFFICE,86,VALLUVARKOTTAM HIGH ROAD,NUNGAMBAKKAM,  CHENNAI - 600 034",13.0599,80.2427
9,113, SHARMA PARK (SARATHY STREET),13.0504,80.2359
9,114," OLD DIVISION-84 OFFICE,10,VALLABA AGRAHARAM STREET,TRIPLICANE,CHENNAI - 600 005",13.0626,80.2726
9,114, ARUNACHALAM ST (NEAR DIVISION 114 OFFICE),13.0638,80.276
9,115," OLD DIVISION-111 OFFICE,1,WEST COTT ROAD,",13.058,80.2655
9,115, SOORAPPAN STREET,13.0574,80.2728
9,116," OLD DIVISION OFFICE-90,VENKATA RANGAM STREET,TRIPLICANE,CHENNAI - 600 005",13.0568,80.2793
9,116," NO.13, VENKATRANGAM STREET(ICDS)CENTRE",13.0517,80.2786
9,117," THIRU.VI,KA KUDI IRUPU,T.NAGAR,CHENNAI - 600 017",13.0398,80.246
9,117," RAMA KAMATHAPURAM, CHENNAI",13.0488,80.2353
9,118," COOKING CENTRE, SIRNIVASA PERUMAL SANNATHI 2ND STREET GOPALAPURAM,CHENNAI - 600 089",13.0525,80.2591
9,118, MUTHAIAH ST (METRO WATER OFFICE) OPP. KAMARAJAPURAM,13.0482,80.2504
9,118," MARIYAPPAN ST, ELDAMS RD, TEYNAMPET, CHENNAI",13.0398,80.2503
9,119," 1, BEGAM SAHIB 5TH ST NEAR MIRSHAHIB PETTAI MARKET,  ROYAPETTAH,CHENNAI - 600 014",13.0522,80.2699
9,119," OLIVER ROAD, MYLAPORE, CHENNAI",13.0398,80.2636
9,120," CORPORATION BUILDING ,NO.4,MUTHIAH STREET,ROYAPETTAH,CHENNAI",13.0506,80.2734
9,120," COMMUNITY HALL, KRISHNAMPET BG",13.0508,80.2768
9,121," OLD DIVISION OFFICE-94,LYLODS ROAD, ROYAPETTAH,CHENNAI - 600 014",13.0475,80.2707
9,121," CAPACS CAMPUS, THIRU-VI-KA ROAD, CHENNAI",13.041,80.2687
9,122," DIVISION OFFICE-122,33 K B DASAN ROAD,TEYNAMPET,CHENNAI - 600 018",13.0354,80.2502
9,122, NANDANAM MAIN ROAD,13.0277,80.2435
9,123," 29,C P RAMASAMY ROAD,ALWARPET,CHENNAI - 600 018",13.0346,80.2571
9,123," R.A.PURAM 3RD CROSS STREET, CHENNAI",13.0267,80.2569
9,124," CORPORATION BUILDING, SARADAPURAM, NEAR SAI BABA TEMPLE, CHENNAI - 600 004",13.0326,80.2641
9,124, MANDAVELI MARKET(NEAR SHELTER FOR HOMELESS),13.0294,80.2669
9,125," COMMUNITY HALL,KAMARAJAR SALAI,LIGHT HOUSE,CHENNAI - 600 005",13.0391,80.2791
9,125," PROF. SANJEEVI ST, NEAR AMBEDKAR PALAM, MYLAPORE,CHENNAI - 600 004",13.0399,80.2747
9,126," SANTHOME HIGH ROAD, MYLAPORE,CHENNAI - 600 004",13.0269,80.2757
9,114," KGH - KASTHURIBA GANDHI GOVERNMENT HOSPITAL, CHENNAI - 600 005",13.0603,80.2784
9,119," RGH - GOVERNMENT ROYAPETTAH HOSPITAL, CHENNAI - 600 014",13.0536,80.2652
10,127," DIVISION OFFICE CAMPUS,1,AYAPPA NAGAR MAIN ROAD, KOYAMBEDU,",13.064,80.1904
10,127," NEAR KOYAMEDU VEGETABLE MARKET, E.RD, KOYAMEDU, CHENNAI ",13.0698,80.1976
10,128," DIVISION OFFICE, NO.77, KAMARAJAR SALAI,VIRUGAMBAKKAM, CHENNAI - 600 092",13.0531,80.197
10,128, ELANGO NAGAR 1ST MAIN ROAD  VIRUGAMPAKAM,13.0527,80.1907
10,129," UNUSED NNMP SHED,MULLAI STREET,MAJID SALIGRAMAM,CHENNAI - 600 093",13.0614,80.2049
10,129," ARUNACHALLAM ROAD, SALIGRAMAM, NEAR SURYA HOSPITAL, ",13.0491,80.2037
10,130," ALAGIRINAGAR MAIN ROAD , VADAPALANI",13.0547,80.2124
10,130," NGO COLONY MAIN ROAD. 100FT SALAI, AMBIKA EMPIRE,CHENNAI - 600 026",13.0562,80.2091
10,131," P.V. RAJA MANNAR SALAI, KK NAGAR",13.043,80.2029
10,131," A.P.PATRO SALAI, CPWD QUARTERS OPP, NEAR SIVAN PARK,CHENNAI - 600 078",13.0391,80.2055
10,132,"  PLAY GROUND, 6TH   AVENUE,ASHOK NAGAR,CHENNAI - 600 083",13.0396,80.2136
10,132," 90TH STREET, NEAR (B.D. RAJAN SALAI)ASHOK NAGAR,CHENNAI - 600 083",13.0435,80.2099
10,133," PLAY GROUND ,24TH STREET,ASHOK NAGAR,CHENNAI - 600 083",13.0412,80.2171
10,133," 62ND STREET, NALLAN KUPPAM, NEAR GOVINDAN PETROL BUNK,CHENNAI - 600 083",13.0327,80.2174
10,134," OLD VACANT NMMZ CMS,KAMARAJ COLONY CAMPUS,KAMRAJ COLONY MAIN ROAD, KODAMBAKKAM, CHENNAI - 600 024",13.0513,80.2209
10,134," NSK SALAI, SERVICE ROAD , CHENNAI-600 083",13.054,80.2309
10,135," BRINDAVAN STREET,SUBWAY SERVICE ROAD, WEST MAMBALAM, CHENNAI - 600 033",13.0412,80.2282
10,135," OLD AMMA UNAVAGAM BUILDING, BRINDAVAN STREET, WEST MAMBALAM,CHENNAI - 600 033",13.0388,80.2233
10,136, SIVAGANAM ROAD (HEALTH BUILDING),13.0396,80.2361
10,136," NO.8 PRAKASAM ROAD, T NAGAR, CHENNAI  -600 017",13.0421,80.2341
10,137," 27,61TH STREET, DN. OFFICE CAMPUS,10TH SECTOR, WEST KK NAGAR,CHENNAI - 600 078",13.0429,80.1953
10,137," ANNA MAIN ROAD, KK NAGAR,CHENNAI",13.0372,80.1956
10,138," 1,AYYAVOO STREET,PILLAIYAR KOIL STREET JUNCTION,WEST JAFARKHANPET,CHENNAI - 600 083",13.0318,80.2027
10,138," ANNA MAIN ROAD, NEAR ESI HOSPITAL, K.K. NAGAR, CHENNAI - 600 078.",13.0352,80.2088
10,139," OLD DIVISION OFFICE,RR COLONY 2ND STREET,  JAFFERKHANPET, CHENNAI - 600 083",13.028,80.2151
10,139," WEST BUS STOP GANGAIAMMAN KOIL ST, JAFERKHANPET, SAIDAPET,CHENNAI - 600 015.",13.0248,80.2125
10,140," BUILDING,KODAMBAKKAM HIGH ROAD REDDY,SAIDAPET,CHENNAI - 600 015",13.025,80.2199
10,140," REDDYKUPPAM ROAD JN.OF GOVINDAN ROAD, NEAR SRINIVASA THEATER , CHENNAI ",13.031,80.2242
10,141," DN.141 OFFICE CAMPUS,CIT NAGAR 4 MAIN ROAD CHENNAI - 600 035",13.0292,80.2339
10,141," SOUTH USMAN ROAD, LALITHA PURAM HB, KANNAMAPET,T NAGAR,CHENNAI - 600 017",13.0308,80.2304
10,142," OLD CI OFFICE , JEENIS ROAD SAIDAPET,CHENNAI - 600 015",13.024,80.2244
10,142," ABDUL RAZACK STREET, SAIDAPET, CHENNAI - 600 015",13.0188,80.2221
11,143," 4TH MAIN ROAD JUNCTION OF V.G.N. FLATS, NOLAMBUR, CHENNAI - 600 037",13.0789,80.1652
11,143," SRIRAM NAGAR, NOLAMBUR",13.0738,80.1679
11,144," MMDA COLONY MAIN ROAD NEAR EB OFFICE, CHENNAI",13.0685,80.1778
11,144," PILLAYAR KOIL STREET, MADURAVOYAL, CHENNAI - 600 095",13.0652,80.1747
11,145," MADHA KOIL STREET,NERUKUNDRAM(NEAR GUILD OF SERIVCE BUILDING)",13.0665,80.1857
11,145," DAYASADAN RD, NERUKUNDRAM, CHENNAI - 600 107",13.069,80.1808
11,146," VILLIVAKKAM UNION PRIMARY SCHOOL, POONAMALLEE HIGH ROAD NEAR NORTH MADA STREET",13.0623,80.1659
11,146," GANAPATHY NAGAR, MADURAVOYAL, CHENNAI - 600 095",13.0517,80.1628
11,147," GANGA NAGAR, CORPORATION BUILDING, CHENNAI",13.0533,80.1768
11,147," GANGAI AMMAN KOIL STREET, MADURAVOYAL, CHENNAI",13.0414,80.1664
11,148," KAMARAJAR STREET, BALAVINAYAGAR NAGAR,NERKUNDRAM,CHENNAI",13.0587,80.1796
11,148," THANGAL KARAI MAIN ROAD, KAMARAJAR HIGH RD, NERKUNDRUM",13.0552,80.1846
11,149," UNIT OFFICE, GANDHI ROAD, ALWARTHIRUNAGAR, CHENNAI",13.0475,80.185
11,149," SAMBANDAM  NAGAR, ALWAR THIRUNAGAR, CHENNAI",13.051,80.1815
11,150," DIVISION OFFICE COMPOUND, MULLAI STREET, PONNI NAGAR, KARAMBAKKAM",13.0402,80.1563
11,150," CHETTIYAR AGARAM,  MAIN ROAD ,PILLAYAR KOVIL STREET, VANAGARAM",13.0536,80.1491
11,151," ANJENEYAR KOIL STREET, PORUR (NEAR ANJENEYAR KOIL TEMPLE TANK),CHENNAI - 600 116",13.037,80.159
11,151," PORUR UPHC, PORUR, CHENNAI ",13.0369,80.17
11,152," ZONAL OFFICE -11 COMPOUND, ARCOT ROAD, VALASARAVAKKAM",13.0412,80.1719
11,152," THIRUVALLUVAR SALAI, KAIKAN KUPPAM, CHENNAI",13.0416,80.1867
11,153, MOUNT POONAMALLEE HIGH ROAD METRO WATER PUMPING STATION PORUR.,13.033,80.1619
11,153," WIRELESS STATION ROAD, PORUR, CHENNAI - 600 116",13.0308,80.1537
11,154," ALANKULAM,NEXT TO RAMAPURAM BUS TERMINUS.",13.0349,80.1739
11,155," BAJANAI KOIL STREET, RAMAPURAM, CHENNAI - 600 089",13.0302,80.1796
11,155," THIRUMALAI NAGAR , RAMAPURAM CHENNAI - 600 089",13.0351,80.1829
11,155," BHARATHI SALARI, (NEAR SRM ENGINEERING COLLEGE) RAMAPURAM CHENNAI - 600 089",13.0317,80.1791
12,156," 1/162, MADHANANDHAPURAM MAIN ROAD,MUGALIVAKKAM,CHENNAI - 600 116",13.0217,80.1556
12,156," PADA SALAI STREET, MUGALIVAKKAM, CHENNAI",13.0207,80.1665
12,157," COMMUNITY HALL,MANAPAKKAM MAIN ROAD,MANAPAKKAM,CHENNAI - 600 125",13.016,80.175
12,157, M.G. SALAI (JN OF VALLEESWARAN KOIL STREET) ,13.0126,80.1663
12,158," WARD OFFICE, NO.51, BAJANAI KOIL ST, NANDAMBAKKAM,CHENNAI - 600 027",13.0164,80.1917
12,158," BURMA COLONY, NEAR MUNISHWARAN STATUE,NANDAMBAKKAM",13.0276,80.1943
12,159," DIVISION OFFICE,KAMARAJ STREET, MEENAMBAKKAM",12.9828,80.1697
12,159, G.S.T ROAD (OPP TO AIRPORT),12.9859,80.1735
12,160," OLD COURT BUILDING, NEW STREET, ALANDUR, CHENNAI - 600 016",13.0045,80.203
12,160," M.K.N. SALAI, MADUVANKARAI PALAM, NEAR EB OFFICE. ALANTHUR ",13.0038,80.2084
12,161," COMMUNITY HALL,RAJA STREET,1ST LANE,ALANDUR, CHENNAI - 600 016",12.9978,80.2001
12,161," VELACHERY ROAD, BETWEEN MOUNT TO GUNDY RAILWAY STATION, ALANTHUR, CHENNAI ",12.9997,80.2062
12,162," WARD OFFICE , THILLAI GANGA NAGAR I MAIN ROAD, ADAMBAKKAM,CHENNAI - 600 061",12.992,80.1952
12,162," M.K.N. SALAI, NEAR ALANDUR COURT, ALANDUR, CHENNAI",12.9967,80.1935
12,163," UNUSED BUILDING,BALAKRISHNANPURAM MAIN ROAD,ADAMPAKKAM, CHENNAI - 600 088",12.9926,80.2045
12,163," MEDAVAKKAM HIGH ROAD, NEAR JAYALAKSHMI THEATER, ADAMBAKKAM, CHENNAI",12.9918,80.1986
12,164," CORPORATION BUILDING,KRISHNA SAMY STREET , PALAVANTHANGAL, CHENNAI - 600 114",12.988,80.1855
12,164," NAGANALLUR 4TH MAIN ROAD , NAGANALLUR, CHENNAI - 600 061",12.9846,80.1885
12,165," NEW SOUTH STREET VANUVAMPET ,CHENNAI - 600 091",12.9813,80.1967
12,165," BALAJI NAGAR MAIN ROAD, ADAMBAKKAM, CHENNAI",12.9823,80.2046
12,166," DIVISION OFFICE,NEHRU HIGH ROAD,NANGANULLUR,CHENNAI - 600 061",12.9771,80.1814
12,166," B.V. NAGAR, 3RD, ST, BARMA TAMILAR COLONY , CHENNAI - 600 114",12.969,80.1819
12,167," HINDU COLONY,100 FEET  ROAD, NANGANULLUR, CHENNAI - 600 061",12.9798,80.1838
12,167," KANNAN NAGAR 1ST  MAIN ROAD, NANGANULLUR, CHENNAI - 600 061",12.9704,80.1881
13,170," CI OFFICE,REDDY 2ND STREET",13.0177,80.2065
13,170," DIVISIONAL OFFICE ARULALAMPET, GUNDY, ALANDUR ROAD, CHENNAI-600 032",13.0153,80.215
13,171," OLD AGE HOME BUILDING,RAILWAY BOARDER,SAIDAPET,  CHENNAI - 600 015",13.0267,80.2251
13,171," VENKATAPURAM 'N' BLOCK, SAIDAPET, CHENNAI - 600 015",13.0267,80.2251
13,172," CORPORATION SCHOOL BUILDING, NEW ST, KOTTUR, CHENNAI - 600 083 ",13.0166,80.2442
13,172," H BLOCK, CHITRA NAGAR, KOTTURPURAM, CHENNAI - 600 085",13.0246,80.2431
13,173," ICDS BUILDING , KAMARAJAR SALAI (NEAR DIVION OFFICE), R.A.PURAM, CHENNAI - 600 028",13.0237,80.2587
13,173," GREENVELS RD, NEAR RAILWAY STATION, KUMARASAMY RAJA SALAI, CHENNAI - 600 028",13.0218,80.2531
13,174," ICDS CENTER BUILDING, FIVE FURLONG ROAD, GUINDY,  CHENNAI - 600 032",13.0037,80.2121
13,174," VELACHERY MAIN ROAD (OPP TO KANNIGA PURAM), CHENNAI - 600 032",13.003,80.2197
13,175," NNMP BUILDING,THIRUVENKATAN STREET,ZONAL OFFICE-10(BACKSIDE), ADAYAR, CHENNAI - 600 020.",13.0049,80.2569
13,175," GYM - INDRA NAGAR XXIX CROSS STREET, CHENNAI - 600 020",12.9901,80.2548
13,176," ICDS BUILDING,FIRST AVENUE ,BESANT NAGAR, NEAR FISH MARKET,CHENNAI - 600 090 ",13.0012,80.2649
13,176," COMMUNITY HALL M.G.R. COLONY. BENCENT NAGAR,CHENNAI - 600 090",12.9967,80.2633
13,177," ICDS BUILDING - TNHB III AVENUE,WEST VELACHERY,CHENNAI - 600 042",12.9913,80.2124
13,177," GANDHI NAGAR ERIKARAI ST, ADAMBAKKAM,CHENNAI - 600 082",12.9875,80.2079
13,177," KAKKAN NAGAR 2ND STREET, CHENNAI - 600 082",12.9918,80.2059
13,178," CORPORATION UNIT OFFICE - 39  BUILDING - VELACHERY MAIN ROAD, CHENNAI - 600 042",12.9856,80.223
13,179," ICDS CENTER BUILDING, NEW COLONY,VELACHERY,CHENNAI - 600 042",12.9834,80.2315
13,179," OPP. VIJAYA NAGAR RAILWAY STATION, ANNAI INDIRA NAGAR, VELACHERY TAMBARAM ROAD (BELOW FLY OVER), CHENNAI - 600 042",12.9689,80.2182
13,180," ICDS CENTER BUILDING, THARAMANI BUS STAND, CHENNAI - 600 113",12.9854,80.2407
13,180," GODAVARI STREET, BHARATHI NAGAR, VELACHERY, CHENNAI",12.9806,80.2357
13,181," KUPPAM,BEACH ROAD, CHENNAI",12.9853,80.2636
13,181," LAKSHI PURAM ICDS , THIRUVANMIYUR (VALMIGI STREET)",12.9889,80.2602
13,182," ICDS CENTER BUILDING , OVVAI NAGAR, THIRUVANMIYUR,CHENNAI - 600 041",12.9811,80.2539
13,182," THIRUVEETHI AMMAN KOIL STREET, THIRUVANMIYUR",12.9808,80.261
14,168," LAKSHMI NAGAR 10TH STREET, ULLAGARAM, CHENNAI - 600 091",12.9758,80.1908
14,168," JEGATHAMBAL COLONY (SRINIVASA SALAI), ULLAGARAM,CHENNAI - 600 091",12.979,80.1954
14,169," CORPORATION BUILDING,PUZHUTHIVAKKAM BUS STAND",12.9766,80.2034
14,169," KALAIMAGAL ST, PUZHUTHIVAKKAM",12.9701,80.1977
14,183," VELACHERY THARAMANI ROAD(M G R NAGAR),OPPISITE SRP UNUSED NMP SHED",12.9804,80.2502
14,183," E.C.R (THAMARAI KULAM), KOTTIVAKKAM, CHENNAI - 600 041",12.9676,80.2569
14,184," SHOPPING COMPLEX,ANNA NEDUN SALAI , KANDANCHAVADI",12.9679,80.2421
14,184," M.G.R SALAI NEAR TNEB OFFICE, KANDANCHAVADI , PERUNKUDI ",12.9765,80.2435
14,185," DIVISION OFFICE , ECR PALAVAKKAM",12.961,80.2564
14,185," 1ST MAIN ROAD , BURMA COLONY",12.9614,80.2465
14,186," CORPORATION ROAD (JUNCTION OF OMR), PERUNGUDI, CHENNAI - 600 096",12.9539,80.2423
14,186," UNION OFFICE ROAD, PERUNKUDI, NEAR DIVISIONAL OFFICE, CHENNAI",12.9601,80.2397
14,187," YERIKARI STREET, IYAPPA NAGAR MAIN ROAD, MADIPAKKAM, CHENNAI - 600 091",12.9648,80.1914
14,188," MADIPAKKAM BUS TERMINUS, CHENNAI - 600 091",12.9632,80.1987
14,188," DR.AMBEDKAR ROAD, MAHALAKSHMI NAGAR, MADIPAKKAM",12.9574,80.1991
14,188," 3RD BLOCK MYLAI BALAJI NAGAR, PALLIKARANI",12.9529,80.2102
14,189," VELACHERY MAIN ROAD, NARAYANAPURAM, PALLIKARANAI,CHENNAI - 600 100",12.9411,80.2063
14,189," THULUKANATHAMAN KOIL STREET, PALLIKARANAI ",12.9327,80.205
14,190," VELACHERY TAMBARAM MAIN ROAD ,NEXT TO PALLIKARANAI CAMPOST,CHENNAI",12.9311,80.2029
14,190," SUNAMBUKULATHUR MAIN ROAD, NEAR NARAYAPURAM LAKE,CHENNAI - 600 100.",12.9413,80.2045
14,191," RICE MILL ROAD, JALLADAYAMPET, CHENNAI - 600 100",12.921,80.2024
14,191," X SERVICE MAN COLONY, 2ND ST, JALLADIANPET, NEAR PERUMBAKKAM RD SAI BABA, CHENNAI - 600 100",12.9112,80.1967
15,192," 192 DIVISION OFFICE, NEELANKARAI,CHENNAI - 600 115",12.9498,80.2551
15,193," MAHATMA GANDHI NAGAR, 1ST MAIN ROAD, THORAIPAKKAM",12.9406,80.2475
15,193," PANDIAN NAGAR 1ST MAIN JAIN COLLEGE CAMPUS, CHENNAI - 600 097",12.9444,80.2467
15,194, OLD MAHABALIPURAM ROAD (O.M.R )SERVICE ROAD NEAR GANGAIAMMAN KOIL STREET (P.T.C ) QUARTERS,12.9341,80.2333
15,194," PILLAIYAR KOIL STREET, V.A.O. OFFICE BACKSIDE, METTUKUPPAM",12.9438,80.237
15,195," KANNAGI NAGAR POLICE STATION, 2ND MAIN ROAD, DURAIPAKKAM, CHENNAI - 600 097",12.9279,80.2388
15,195," EZHIL NAGAR MAIN ROAD, KANNAGI NAGAR, CHENNAI - 600 091",12.9313,80.2414
15,195," O.M.R. MAIN RD, OKKIYAM, THURAIPAKKAM, CHENNAI - 600 097",12.9268,80.2308
15,196," CORPORATION BUILDING, E C R ROAD, ENJAMPAKKAM,CHENNAI",12.9203,80.2517
15,196," ANNA ENCLAVE, ENJAMPAKKAM, CHENNAI - 600 115",12.925,80.2457
15,197," KALIAMMAN KOIL STREET (NEAR RATION SHOP),KARAPAKKAM, CHENNAI - 600 097",12.9153,80.2337
15,197," NEDUNCHEZIAN RD, (CORPORATION COMMERCIAL COMPLEX) NEAR INFOSYS SALAI, SHOZLINGNALLUR, CHENNAI - 600 119",12.8926,80.2281
15,198," EXISTING BUILDING (SCHOOL ROAD) CMS KUDUMIYANDI THOPPU, PANAIYUR,CHENNAI - 600 019",12.8876,80.2449
15,198,"  POONIAMMAN KOIL ST,  OMR ROAD, SOZHINGANALLUR",12.8846,80.227
15,199," PAN JAYA BUILDING ,NAINAR KUPPAM,UTHANDI",12.8754,80.2497
15,200," 19TH CROSS STREET, TSUNAMI NAGAR, CHEMMANCHERRY,CHENNAI - 600 119",12.859,80.2274
15,200," TSUNAMI NAGAR BUS STAND OPP, 66TH CROSS STREET, CHEMMANCHERY",12.877,80.2116
15,200," PERUMAL KOIL STREET, CHEMMANCHERRY, CHENNAI - 600 119",12.8741,80.2085
